repo_name,commit_date,lines_added,lines_removed,change_type,language,login,repo_nature
allanasta,2022-08-05 09:27:01+00:00,486,0,Add,Shell,nethajinirmal13,Created
androidworkshop,2018-08-23 15:55:44+00:00,1,0,Add,,nethajinirmal13,Created
azuresqlphp,2022-07-16 08:47:30+00:00,60,0,Add,PHP,nethajinirmal13,Created
azuresqlphp,2022-07-16 08:42:24+00:00,1,1,Add,PHP,nethajinirmal13,Created
azuresqlphp,2022-07-16 08:41:54+00:00,1,1,Add,PHP,nethajinirmal13,Created
azuresqlphp,2022-07-16 05:04:15+00:00,2,2,Add,PHP,nethajinirmal13,Created
azurestatic,2023-07-01 12:57:12+00:00,63,0,Add,HTML,nethajinirmal13,Created
azurestatic,2022-08-05 10:50:11+00:00,1,1,Add,HTML,nethajinirmal13,Created
azurestatic,2022-08-05 10:45:54+00:00,1,1,Add,HTML,nethajinirmal13,Created
azurestatic,2022-08-05 10:43:48+00:00,1,1,Add,HTML,nethajinirmal13,Created
azurestatic,2022-08-05 09:30:03+00:00,49,89,Add,HTML,nethajinirmal13,Created
azurestatic,2022-07-16 09:00:19+00:00,45,0,Add,HTML,nethajinirmal13,Created
azurestatic,2022-07-16 08:57:40+00:00,89,44,Add,HTML,nethajinirmal13,Created
azurestatic,2022-07-15 08:58:17+00:00,40,5,Add,HTML,nethajinirmal13,Created
azurestatic,2022-07-15 08:55:08+00:00,6,41,Add,HTML,nethajinirmal13,Created
azurestatic,2022-07-15 08:51:12+00:00,1,1,Add,HTML,nethajinirmal13,Created
azurestatic,2022-07-15 08:47:36+00:00,45,0,Add,HTML,nethajinirmal13,Created
blockchaindemo,2023-02-23 09:16:00+00:00,1,1,Add,JavaScript,nethajinirmal13,Created
blockchaindemo,2023-02-23 09:15:17+00:00,8,8,Add,JavaScript,nethajinirmal13,Created
blockchaindemo,2023-02-23 09:14:50+00:00,9,9,Add,JavaScript,nethajinirmal13,Created
blockchaindemo,2023-02-23 09:13:27+00:00,3,3,Add,JavaScript,nethajinirmal13,Created
blockchaindemo,2023-02-23 09:13:08+00:00,29,0,Add,JavaScript,nethajinirmal13,Created
blockchaindemo,2023-02-23 09:04:04+00:00,1,1,Add,JavaScript,nethajinirmal13,Created
clouddev,2023-02-14 17:55:11+00:00,1,0,Add,,nethajinirmal13,Created
django,2023-02-15 17:16:44+00:00,0,6,Remove,,nethajinirmal13,Created
django,2023-02-15 17:16:15+00:00,60,0,Add,,nethajinirmal13,Created
django,2023-02-15 17:13:05+00:00,0,0,Remove,,nethajinirmal13,Created
Final1,2022-08-14 04:14:39+00:00,1278,0,Add,Java,nethajinirmal13,Created
flaskazappblob,2023-08-17 10:29:46+00:00,63,0,Add,Python,nethajinirmal13,Created
flaskazappblob,2023-08-17 10:28:51+00:00,1,1,Add,Python,nethajinirmal13,Created
flaskazappblob,2023-08-17 10:02:31+00:00,63,0,Add,Python,nethajinirmal13,Created
flaskazappblob,2023-08-17 10:01:18+00:00,1,1,Add,Python,nethajinirmal13,Created
flaskazappblob,2023-07-11 06:58:23+00:00,4,4,Add,Python,nethajinirmal13,Created
flaskazappblob,2023-07-10 18:22:21+00:00,63,0,Add,Python,nethajinirmal13,Created
flaskazappblob,2023-07-10 18:20:55+00:00,70,0,Add,Python,nethajinirmal13,Created
guvi,2022-06-05 13:02:08+00:00,9,0,Add,Python,nethajinirmal13,Created
guvi,2022-06-05 12:57:15+00:00,2,0,Add,Python,nethajinirmal13,Created
lets-comment,2022-06-05 01:27:46+00:00,2,0,Add,Python,nethajinirmal13,Created
lets-comment,2022-06-05 01:26:42+00:00,407,0,Add,Python,nethajinirmal13,Created
lynk,2018-06-15 08:19:07+00:00,77,0,Add,Python,nethajinirmal13,Created
lynk,2017-09-16 09:52:45+00:00,1,0,Add,Python,nethajinirmal13,Created
mineadd,2021-06-05 10:59:56+00:00,166,0,Add,Jupyter Notebook,nethajinirmal13,Created
mineadd,2021-06-05 09:34:58+00:00,3050,1,Add,Jupyter Notebook,nethajinirmal13,Created
mineadd,2018-06-27 20:13:06+00:00,1,0,Add,Jupyter Notebook,nethajinirmal13,Created
ML,2022-12-11 04:52:15+00:00,1557,0,Add,Jupyter Notebook,nethajinirmal13,Created
ML,2022-02-26 05:05:38+00:00,18392,0,Add,Jupyter Notebook,nethajinirmal13,Created
neoapp1,2023-07-05 08:49:08+00:00,2,2,Add,HTML,nethajinirmal13,Created
neoapp1,2023-07-05 07:50:35+00:00,3,0,Add,HTML,nethajinirmal13,Created
neoapp1,2023-07-05 06:56:44+00:00,63,0,Add,HTML,nethajinirmal13,Created
neoapp1,2023-07-05 06:40:46+00:00,244,0,Add,HTML,nethajinirmal13,Created
neoazure,2022-10-18 06:52:11+00:00,5,1,Add,JavaScript,nethajinirmal13,Created
neoazure,2022-10-18 06:35:48+00:00,11,11,Add,JavaScript,nethajinirmal13,Created
neoazure,2022-10-18 06:14:56+00:00,30900,0,Add,JavaScript,nethajinirmal13,Created
neod,2022-10-26 17:22:08+00:00,0,0,Remove,JavaScript,nethajinirmal13,Created
neod,2022-10-18 09:19:08+00:00,68,20,Add,JavaScript,nethajinirmal13,Created
neod,2022-10-18 06:05:20+00:00,1,1,Add,JavaScript,nethajinirmal13,Created
neod,2022-10-18 06:05:09+00:00,4,5,Add,JavaScript,nethajinirmal13,Created
neod,2022-10-18 05:56:25+00:00,1,1,Add,JavaScript,nethajinirmal13,Created
neod,2022-10-18 05:54:24+00:00,0,0,Remove,JavaScript,nethajinirmal13,Created
neod,2022-10-18 05:45:37+00:00,6,6,Add,JavaScript,nethajinirmal13,Created
neod,2022-10-18 05:38:29+00:00,30463,0,Add,JavaScript,nethajinirmal13,Created
neod,2022-10-18 05:36:01+00:00,4,4,Add,JavaScript,nethajinirmal13,Created
neod,2022-10-18 05:29:12+00:00,2,2,Add,JavaScript,nethajinirmal13,Created
neod,2022-10-18 05:18:22+00:00,11,11,Add,JavaScript,nethajinirmal13,Created
neod,2022-10-18 05:15:46+00:00,1,1,Add,JavaScript,nethajinirmal13,Created
neod,2022-10-18 05:15:30+00:00,1,1,Add,JavaScript,nethajinirmal13,Created
neod,2022-10-18 05:12:51+00:00,1,1,Add,JavaScript,nethajinirmal13,Created
neod,2022-10-18 05:10:12+00:00,0,0,Remove,JavaScript,nethajinirmal13,Created
neod,2022-10-18 05:08:52+00:00,1,0,Add,JavaScript,nethajinirmal13,Created
neod,2022-10-18 05:06:58+00:00,435,0,Add,JavaScript,nethajinirmal13,Created
neoevaluator,2023-01-13 17:46:52+00:00,30542,3,Add,JavaScript,nethajinirmal13,Created
neoevaluator,2023-01-13 17:32:36+00:00,30543,5,Add,JavaScript,nethajinirmal13,Created
neoevaluator,2023-01-13 15:07:59+00:00,1,1,Add,JavaScript,nethajinirmal13,Created
neoevaluator,2023-01-13 16:15:08+00:00,5,3,Add,JavaScript,nethajinirmal13,Created
neoevaluator,2023-01-13 15:04:37+00:00,1,0,Add,JavaScript,nethajinirmal13,Created
neoevaluator,2023-01-13 14:56:48+00:00,2,2,Add,JavaScript,nethajinirmal13,Created
neoevaluator,2023-01-13 14:52:23+00:00,63,0,Add,JavaScript,nethajinirmal13,Created
neoevaluator,2023-01-13 14:44:47+00:00,1440,0,Add,JavaScript,nethajinirmal13,Created
neoFSDtest,2022-10-17 06:07:44+00:00,3,0,Add,HTML,nethajinirmal13,Created
neoFSDtest,2022-10-17 06:01:58+00:00,1620,0,Add,HTML,nethajinirmal13,Created
pbix,2022-08-19 07:59:40+00:00,1,0,Add,,nethajinirmal13,Created
PIT,2018-11-30 07:45:08+00:00,106,0,Add,C++,nethajinirmal13,Created
PIT,2018-11-30 07:43:34+00:00,0,107,Remove,C++,nethajinirmal13,Created
PIT,2018-11-30 04:41:03+00:00,432,0,Add,C++,nethajinirmal13,Created
PIT,2018-11-30 04:39:33+00:00,2,0,Add,C++,nethajinirmal13,Created
plot,2022-07-30 10:31:25+00:00,63,0,Add,Python,nethajinirmal13,Created
plot,2022-06-14 16:08:52+00:00,0,63,Remove,Python,nethajinirmal13,Created
plot,2022-06-14 15:54:55+00:00,63,0,Add,Python,nethajinirmal13,Created
plot,2022-02-12 05:55:18+00:00,9,31,Add,Python,nethajinirmal13,Created
plot,2022-02-12 05:38:50+00:00,1,0,Add,Python,nethajinirmal13,Created
plot,2022-02-12 05:38:25+00:00,30,8,Add,Python,nethajinirmal13,Created
plot,2022-02-12 05:34:12+00:00,9,17,Add,Python,nethajinirmal13,Created
plot,2022-02-12 05:29:17+00:00,2,0,Add,Python,nethajinirmal13,Created
plot,2022-02-12 05:22:30+00:00,0,1,Remove,Python,nethajinirmal13,Created
plot,2022-02-12 05:20:31+00:00,16,20,Add,Python,nethajinirmal13,Created
plot,2022-02-12 05:16:11+00:00,38,38,Add,Python,nethajinirmal13,Created
plot,2022-02-12 04:51:54+00:00,1,0,Add,Python,nethajinirmal13,Created
plot,2022-02-12 04:46:41+00:00,1,0,Add,Python,nethajinirmal13,Created
plot,2022-02-12 04:46:04+00:00,19,4,Add,Python,nethajinirmal13,Created
plot,2022-02-12 04:43:33+00:00,8,14,Add,Python,nethajinirmal13,Created
plot,2022-02-12 04:39:07+00:00,0,2,Remove,Python,nethajinirmal13,Created
plot,2022-02-12 04:37:48+00:00,0,1,Remove,Python,nethajinirmal13,Created
plot,2022-02-12 04:34:15+00:00,41,12,Add,Python,nethajinirmal13,Created
plot,2022-02-12 04:33:31+00:00,18,25,Add,Python,nethajinirmal13,Created
plot,2022-02-11 16:44:06+00:00,1,1,Add,Python,nethajinirmal13,Created
plot,2022-02-11 16:41:07+00:00,1,1,Add,Python,nethajinirmal13,Created
plot,2022-02-11 16:40:30+00:00,1,1,Add,Python,nethajinirmal13,Created
plot,2022-02-11 16:37:33+00:00,1,1,Add,Python,nethajinirmal13,Created
plot,2022-02-11 16:35:00+00:00,1,1,Add,Python,nethajinirmal13,Created
plot,2022-02-11 16:31:33+00:00,3,3,Add,Python,nethajinirmal13,Created
plot,2022-02-11 16:31:00+00:00,12,12,Add,Python,nethajinirmal13,Created
plot,2022-02-11 16:29:56+00:00,1,1,Add,Python,nethajinirmal13,Created
plot,2022-02-11 16:26:54+00:00,1,1,Add,Python,nethajinirmal13,Created
plot,2022-02-11 16:17:48+00:00,1,0,Add,Python,nethajinirmal13,Created
plot,2022-02-11 16:14:57+00:00,0,1,Remove,Python,nethajinirmal13,Created
plot,2022-02-11 16:12:14+00:00,0,15,Remove,Python,nethajinirmal13,Created
plot,2022-02-11 16:09:17+00:00,3,2,Add,Python,nethajinirmal13,Created
plot,2022-02-11 16:08:49+00:00,25,10,Add,Python,nethajinirmal13,Created
plot,2022-02-11 15:03:51+00:00,1,1,Add,Python,nethajinirmal13,Created
plot,2022-02-11 15:00:19+00:00,3,15,Add,Python,nethajinirmal13,Created
plot,2022-02-11 14:53:44+00:00,1,1,Add,Python,nethajinirmal13,Created
plot,2022-02-11 14:50:23+00:00,1,0,Add,Python,nethajinirmal13,Created
plot,2022-02-11 14:44:23+00:00,24,25,Add,Python,nethajinirmal13,Created
plot,2022-02-10 14:12:09+00:00,15,25,Add,Python,nethajinirmal13,Created
plot,2022-02-10 14:06:42+00:00,1,0,Add,Python,nethajinirmal13,Created
plot,2022-02-10 14:04:28+00:00,1,1,Add,Python,nethajinirmal13,Created
plot,2022-02-10 14:03:24+00:00,1,0,Add,Python,nethajinirmal13,Created
plot,2022-02-10 13:57:42+00:00,5,34,Add,Python,nethajinirmal13,Created
plot,2022-02-10 13:55:16+00:00,3,2,Add,Python,nethajinirmal13,Created
plot,2022-02-10 13:53:16+00:00,40,1,Add,Python,nethajinirmal13,Created
plot,2022-02-10 13:40:52+00:00,1,1,Add,Python,nethajinirmal13,Created
plot,2022-02-10 13:06:00+00:00,1,1,Add,Python,nethajinirmal13,Created
plot,2022-02-10 02:46:04+00:00,0,6,Remove,Python,nethajinirmal13,Created
plot,2022-02-10 02:44:35+00:00,30,165,Add,Python,nethajinirmal13,Created
plot,2022-02-10 02:39:44+00:00,29,32,Add,Python,nethajinirmal13,Created
plot,2022-02-03 06:38:02+00:00,5,0,Add,Python,nethajinirmal13,Created
plot,2022-02-03 06:37:12+00:00,210,0,Add,Python,nethajinirmal13,Created
plot,2022-02-03 06:35:00+00:00,1,0,Add,Python,nethajinirmal13,Created
plotly-chatbot,2022-03-10 18:34:43+00:00,30,30,Add,Jupyter Notebook,nethajinirmal13,Created
plotly-chatbot,2022-03-10 18:27:32+00:00,1,1,Add,Jupyter Notebook,nethajinirmal13,Created
plotly-chatbot,2022-03-10 18:25:29+00:00,5,5,Add,Jupyter Notebook,nethajinirmal13,Created
plotly-chatbot,2022-03-10 18:23:58+00:00,1,1,Add,Jupyter Notebook,nethajinirmal13,Created
plotly-chatbot,2022-03-10 18:22:28+00:00,0,1,Remove,Jupyter Notebook,nethajinirmal13,Created
plotly-chatbot,2022-03-10 18:21:51+00:00,1,1,Add,Jupyter Notebook,nethajinirmal13,Created
plotly-chatbot,2022-03-10 18:19:00+00:00,441,0,Add,Jupyter Notebook,nethajinirmal13,Created
plotlynlp,2022-03-10 18:58:38+00:00,2,2,Add,Jupyter Notebook,nethajinirmal13,Created
plotlynlp,2022-03-10 18:55:28+00:00,2,1,Add,Jupyter Notebook,nethajinirmal13,Created
plotlynlp,2022-03-10 18:48:02+00:00,1,1,Add,Jupyter Notebook,nethajinirmal13,Created
plotlynlp,2022-03-10 18:47:14+00:00,1,0,Add,Jupyter Notebook,nethajinirmal13,Created
plotlynlp,2022-03-10 18:46:03+00:00,9705,0,Add,Jupyter Notebook,nethajinirmal13,Created
pyscript,2022-08-06 01:15:46+00:00,2901,0,Add,JavaScript,nethajinirmal13,Created
sqlex,2022-11-27 16:28:52+00:00,1,2,Add,,nethajinirmal13,Created
sqlex,2022-11-27 16:28:05+00:00,35,0,Add,,nethajinirmal13,Created
STEMHACK,2023-03-02 14:37:44+00:00,0,0,Remove,,nethajinirmal13,Created
stocknoti,2023-04-15 16:52:22+00:00,1,1,Add,Python,nethajinirmal13,Created
stocknoti,2023-04-15 16:40:11+00:00,3,2,Add,Python,nethajinirmal13,Created
stocknoti,2023-04-15 16:34:22+00:00,2,2,Add,Python,nethajinirmal13,Created
stocknoti,2023-04-14 19:43:47+00:00,1,1,Add,Python,nethajinirmal13,Created
stocknoti,2023-04-14 19:18:32+00:00,2,1,Add,Python,nethajinirmal13,Created
stocknoti,2023-04-14 19:12:53+00:00,1,5,Add,Python,nethajinirmal13,Created
stocknoti,2023-04-14 19:07:42+00:00,1,1,Add,Python,nethajinirmal13,Created
stocknoti,2023-04-14 19:03:54+00:00,3,3,Add,Python,nethajinirmal13,Created
stocknoti,2023-04-14 18:50:52+00:00,3,0,Add,Python,nethajinirmal13,Created
stocknoti,2023-04-14 18:42:37+00:00,3,3,Add,Python,nethajinirmal13,Created
stocknoti,2023-04-14 18:39:02+00:00,1,1,Add,Python,nethajinirmal13,Created
stocknoti,2023-04-14 18:36:43+00:00,1,1,Add,Python,nethajinirmal13,Created
stocknoti,2023-04-14 18:35:20+00:00,1,0,Add,Python,nethajinirmal13,Created
stocknoti,2023-04-14 18:31:20+00:00,1,0,Add,Python,nethajinirmal13,Created
stocknoti,2023-04-14 18:29:50+00:00,1,1,Add,Python,nethajinirmal13,Created
stocknoti,2023-04-14 18:27:56+00:00,1,1,Add,Python,nethajinirmal13,Created
stocknoti,2023-04-14 18:26:25+00:00,1,0,Add,Python,nethajinirmal13,Created
stocknoti,2023-04-14 18:25:33+00:00,2,2,Add,Python,nethajinirmal13,Created
stocknoti,2023-04-14 18:23:00+00:00,1,1,Add,Python,nethajinirmal13,Created
stocknoti,2023-04-14 18:21:57+00:00,0,2,Remove,Python,nethajinirmal13,Created
stocknoti,2023-04-14 18:18:51+00:00,0,0,Remove,Python,nethajinirmal13,Created
stocknoti,2023-04-14 18:16:50+00:00,9,2,Add,Python,nethajinirmal13,Created
stocknoti,2023-04-14 18:10:40+00:00,1,1,Add,Python,nethajinirmal13,Created
stocknoti,2023-04-14 17:59:37+00:00,1,1,Add,Python,nethajinirmal13,Created
stocknoti,2023-04-14 17:59:14+00:00,77,0,Add,Python,nethajinirmal13,Created
stocknoti,2023-04-14 17:52:39+00:00,29,0,Add,Python,nethajinirmal13,Created
studentsassignment,2022-01-22 09:31:23+00:00,1517,0,Add,Jupyter Notebook,nethajinirmal13,Created
test,2022-03-12 07:49:28+00:00,21,0,Add,Python,nethajinirmal13,Created
testtt,2022-06-05 01:21:29+00:00,1,1,Add,Python,nethajinirmal13,Created
testtt,2022-06-05 01:17:13+00:00,1,5,Add,Python,nethajinirmal13,Created
testtt,2022-06-05 01:16:54+00:00,1,1,Add,Python,nethajinirmal13,Created
testtt,2022-06-05 01:13:15+00:00,1,1,Add,Python,nethajinirmal13,Created
testtt,2022-06-05 01:12:56+00:00,0,1,Remove,Python,nethajinirmal13,Created
testtt,2022-06-05 01:08:40+00:00,1,0,Add,Python,nethajinirmal13,Created
testtt,2022-06-05 01:08:10+00:00,1,1,Add,Python,nethajinirmal13,Created
testtt,2022-06-05 01:07:38+00:00,1,1,Add,Python,nethajinirmal13,Created
testtt,2022-06-05 01:02:08+00:00,1,1,Add,Python,nethajinirmal13,Created
testtt,2022-06-05 01:00:09+00:00,2,2,Add,Python,nethajinirmal13,Created
testtt,2022-06-05 00:59:40+00:00,6,1,Add,Python,nethajinirmal13,Created
testtt,2022-05-25 15:58:23+00:00,0,7,Remove,Python,nethajinirmal13,Created
testtt,2022-05-25 15:57:45+00:00,1,1,Add,Python,nethajinirmal13,Created
testtt,2022-05-25 15:56:12+00:00,1,0,Add,Python,nethajinirmal13,Created
testtt,2022-05-25 15:55:19+00:00,8,0,Add,Python,nethajinirmal13,Created
testtt,2022-05-25 15:46:39+00:00,2,0,Add,Python,nethajinirmal13,Created
testtt,2022-05-25 15:42:21+00:00,7,0,Add,Python,nethajinirmal13,Created
testtt,2022-05-25 15:31:18+00:00,0,0,Remove,Python,nethajinirmal13,Created
testtt,2022-04-05 12:55:29+00:00,0,0,Remove,Python,nethajinirmal13,Created
Training-datasets,2023-12-19 05:02:40+00:00,52417,0,Add,,nethajinirmal13,Created
Training-datasets,2023-12-05 14:51:41+00:00,0,0,Remove,,nethajinirmal13,Created
Training-datasets,2023-12-05 07:05:54+00:00,63,0,Add,,nethajinirmal13,Created
Training-datasets,2023-10-14 02:05:04+00:00,26708,0,Add,,nethajinirmal13,Created
Training-datasets,2023-08-04 07:30:55+00:00,101,0,Add,,nethajinirmal13,Created
Training-datasets,2023-08-04 07:04:57+00:00,43,0,Add,,nethajinirmal13,Created
Training-datasets,2023-07-29 09:41:23+00:00,897,0,Add,,nethajinirmal13,Created
Training-datasets,2023-07-26 18:23:40+00:00,2,1,Add,,nethajinirmal13,Created
Training-datasets,2023-07-26 18:13:12+00:00,1,1,Add,,nethajinirmal13,Created
Training-datasets,2023-07-26 18:12:18+00:00,1,0,Add,,nethajinirmal13,Created
Training-datasets,2023-07-02 06:56:13+00:00,0,0,Remove,,nethajinirmal13,Created
Training-datasets,2023-05-28 06:03:07+00:00,10068,0,Add,,nethajinirmal13,Created
Training-datasets,2023-03-13 02:36:47+00:00,1001,0,Add,,nethajinirmal13,Created
Training-datasets,2023-03-02 03:21:40+00:00,0,0,Remove,,nethajinirmal13,Created
Training-datasets,2023-03-02 03:10:48+00:00,119211,0,Add,,nethajinirmal13,Created
Training-datasets,2023-02-06 18:08:10+00:00,168,0,Add,,nethajinirmal13,Created
Training-datasets,2023-02-06 17:42:02+00:00,31963,0,Add,,nethajinirmal13,Created
Training-datasets,2023-02-06 17:34:22+00:00,151,0,Add,,nethajinirmal13,Created
Training-datasets,2023-02-06 17:18:05+00:00,201,0,Add,,nethajinirmal13,Created
Training-datasets,2023-02-06 16:59:19+00:00,37,0,Add,,nethajinirmal13,Created
Training-datasets,2023-02-06 16:34:26+00:00,592,0,Add,,nethajinirmal13,Created
Training-datasets,2023-02-06 16:25:14+00:00,401,0,Add,,nethajinirmal13,Created
Training-datasets,2023-02-06 16:16:15+00:00,6265,0,Add,,nethajinirmal13,Created
Training-datasets,2023-02-06 00:56:24+00:00,30,0,Add,,nethajinirmal13,Created
Training-datasets,2023-02-03 08:05:02+00:00,398,0,Add,,nethajinirmal13,Created
Training-datasets,2023-02-03 07:39:35+00:00,35718,0,Add,,nethajinirmal13,Created
Training-datasets,2023-02-03 02:00:00+00:00,325,0,Add,,nethajinirmal13,Created
Training-datasets,2023-02-02 08:41:30+00:00,324,0,Add,,nethajinirmal13,Created
Training-datasets,2023-02-02 08:28:52+00:00,10228,0,Add,,nethajinirmal13,Created
Training-datasets,2023-02-02 07:51:34+00:00,205,0,Add,,nethajinirmal13,Created
Training-datasets,2023-01-30 13:53:52+00:00,1,1,Add,,nethajinirmal13,Created
Training-datasets,2023-01-30 13:53:14+00:00,307,0,Add,,nethajinirmal13,Created
Training-datasets,2023-01-30 13:49:19+00:00,342,0,Add,,nethajinirmal13,Created
Training-datasets,2023-01-30 13:45:51+00:00,1007,0,Add,,nethajinirmal13,Created
Training-datasets,2023-01-30 13:33:52+00:00,401,0,Add,,nethajinirmal13,Created
Training-datasets,2023-01-30 11:35:47+00:00,281,0,Add,,nethajinirmal13,Created
Training-datasets,2023-01-30 10:35:15+00:00,37,0,Add,,nethajinirmal13,Created
Training-datasets,2023-01-30 10:24:56+00:00,441,0,Add,,nethajinirmal13,Created
Training-datasets,2023-01-24 09:15:47+00:00,579,0,Add,,nethajinirmal13,Created
Training-datasets,2023-01-05 14:56:21+00:00,501,0,Add,,nethajinirmal13,Created
Training-datasets,2022-12-14 10:09:34+00:00,9552,0,Add,,nethajinirmal13,Created
Training-datasets,2022-12-14 10:09:08+00:00,1,0,Add,,nethajinirmal13,Created
Training-datasets,2022-12-06 02:35:12+00:00,10001,0,Add,,nethajinirmal13,Created
Training-datasets,2022-11-28 17:16:41+00:00,1259,0,Add,,nethajinirmal13,Created
Training-datasets,2022-11-16 19:05:08+00:00,2824,0,Add,,nethajinirmal13,Created
Training-datasets,2022-11-16 18:59:53+00:00,2824,0,Add,,nethajinirmal13,Created
Training-datasets,2022-11-16 18:42:11+00:00,6114,0,Add,,nethajinirmal13,Created
Training-datasets,2022-11-16 18:26:30+00:00,20854,0,Add,,nethajinirmal13,Created
Training-datasets,2022-11-16 17:08:28+00:00,331,0,Add,,nethajinirmal13,Created
Training-datasets,2022-11-06 17:05:08+00:00,6156,0,Add,,nethajinirmal13,Created
Training-datasets,2022-10-20 08:39:04+00:00,0,0,Remove,,nethajinirmal13,Created
Training-datasets,2022-10-17 10:24:01+00:00,3002,0,Add,,nethajinirmal13,Created
Training-datasets,2022-10-14 08:02:33+00:00,0,0,Remove,,nethajinirmal13,Created
Training-datasets,2022-10-13 10:57:06+00:00,101,0,Add,,nethajinirmal13,Created
Training-datasets,2022-10-13 08:23:58+00:00,1031,0,Add,,nethajinirmal13,Created
Training-datasets,2022-09-15 07:18:20+00:00,62695,0,Add,,nethajinirmal13,Created
Training-datasets,2022-09-15 07:15:11+00:00,6156,0,Add,,nethajinirmal13,Created
Training-datasets,2022-09-13 15:41:27+00:00,777,0,Add,,nethajinirmal13,Created
Training-datasets,2022-09-12 12:42:21+00:00,892,0,Add,,nethajinirmal13,Created
Training-datasets,2022-07-21 13:53:54+00:00,76,0,Add,,nethajinirmal13,Created
Training-datasets,2022-04-13 10:21:25+00:00,11860,0,Add,,nethajinirmal13,Created
Training-datasets,2022-04-01 13:21:39+00:00,0,0,Remove,,nethajinirmal13,Created
Training-datasets,2022-03-29 17:19:54+00:00,10001,0,Add,,nethajinirmal13,Created
Training-datasets,2022-03-16 11:25:39+00:00,0,0,Remove,,nethajinirmal13,Created
Training-datasets,2022-03-14 14:20:40+00:00,233,0,Add,,nethajinirmal13,Created
Training-datasets,2022-03-10 12:31:09+00:00,0,0,Remove,,nethajinirmal13,Created
Training-datasets,2022-03-10 09:44:54+00:00,38766,0,Add,,nethajinirmal13,Created
Training-datasets,2022-03-08 13:34:25+00:00,0,0,Remove,,nethajinirmal13,Created
Training-datasets,2022-03-07 13:51:57+00:00,2001,0,Add,,nethajinirmal13,Created
Training-datasets,2022-02-26 19:35:17+00:00,1728,0,Add,,nethajinirmal13,Created
Training-datasets,2022-02-26 19:23:47+00:00,304,0,Add,,nethajinirmal13,Created
Training-datasets,2022-02-26 19:21:43+00:00,201,0,Add,,nethajinirmal13,Created
Training-datasets,2022-02-26 17:54:22+00:00,15,0,Add,,nethajinirmal13,Created
Training-datasets,2022-02-26 07:42:36+00:00,201,0,Add,,nethajinirmal13,Created
Training-datasets,2022-02-26 05:56:53+00:00,700,0,Add,,nethajinirmal13,Created
Training-datasets,2022-02-26 05:52:44+00:00,201,0,Add,,nethajinirmal13,Created
Training-datasets,2022-02-26 04:39:22+00:00,1056,0,Add,,nethajinirmal13,Created
Training-datasets,2022-02-19 03:56:46+00:00,2208,0,Add,,nethajinirmal13,Created
Training-datasets,2022-02-19 03:43:08+00:00,684,0,Add,,nethajinirmal13,Created
Training-datasets,2022-02-19 02:53:46+00:00,2931,0,Add,,nethajinirmal13,Created
Training-datasets,2022-02-18 03:04:06+00:00,10001,0,Add,,nethajinirmal13,Created
Training-datasets,2022-02-17 17:57:32+00:00,26,0,Add,,nethajinirmal13,Created
Training-datasets,2022-02-17 17:32:08+00:00,85,0,Add,,nethajinirmal13,Created
Training-datasets,2022-02-14 13:14:17+00:00,757,0,Add,,nethajinirmal13,Created
Training-datasets,2022-02-14 11:23:32+00:00,6498,0,Add,,nethajinirmal13,Created
Training-datasets,2022-02-07 14:25:59+00:00,78,0,Add,,nethajinirmal13,Created
Training-datasets,2022-01-31 17:12:06+00:00,51,0,Add,,nethajinirmal13,Created
Training-datasets,2022-01-31 17:10:37+00:00,143,0,Add,,nethajinirmal13,Created
Training-datasets,2022-01-31 11:43:25+00:00,892,0,Add,,nethajinirmal13,Created
Training-datasets,2022-01-26 04:12:28+00:00,31963,0,Add,,nethajinirmal13,Created
Training-datasets,2022-01-25 11:49:20+00:00,331,0,Add,,nethajinirmal13,Created
Training-datasets,2022-01-24 04:11:27+00:00,17177,0,Add,,nethajinirmal13,Created
Training-datasets,2022-01-18 01:56:33+00:00,769,0,Add,,nethajinirmal13,Created
Training-datasets,2022-01-16 05:57:34+00:00,126,0,Add,,nethajinirmal13,Created
Training-datasets,2022-01-12 06:13:50+00:00,70283,0,Add,,nethajinirmal13,Created
Training-datasets,2022-01-09 18:43:32+00:00,29,0,Add,,nethajinirmal13,Created
Training-datasets,2022-01-01 00:59:15+00:00,768,0,Add,,nethajinirmal13,Created
Training-datasets,2021-12-31 12:52:40+00:00,331,0,Add,,nethajinirmal13,Created
Training-datasets,2021-12-31 11:22:36+00:00,479,0,Add,,nethajinirmal13,Created
Training-datasets,2021-12-31 11:21:37+00:00,21,0,Add,,nethajinirmal13,Created
Training-datasets,2021-12-31 11:21:13+00:00,2,0,Add,,nethajinirmal13,Created
TrainingMaterials,2023-05-21 10:57:16+00:00,0,0,Remove,,nethajinirmal13,Created
